{"IcoMoonType":"selection","icons":[{"icon":{"paths":["M679.036 45.59l-20.515-18.489-369.025 484.773 369.278 485.026 20.262-18.489-349.776-466.537z"],"attrs":[],"isMulticolor":false,"isMulticolor2":false,"grid":0,"tags":["left-chevron"],"colorPermutations":{}},"attrs":[],"properties":{"order":7,"id":1,"name":"left-chevron","prevSize":32,"code":59650},"setIdx":0,"setId":1,"iconIdx":0},{"icon":{"paths":["M365.986 27.101l-20.515 18.489 349.776 466.283-349.776 466.537 20.262 18.996 368.518-485.533z"],"attrs":[],"isMulticolor":false,"isMulticolor2":false,"grid":0,"tags":["right-chevron"],"colorPermutations":{}},"attrs":[],"properties":{"order":8,"id":0,"name":"right-chevron","prevSize":32,"code":59651},"setIdx":0,"setId":1,"iconIdx":1},{"icon":{"paths":["M512-0.089c-282.802 0-512.089 229.287-512.089 512.089 0 282.847 229.287 512.089 512.089 512.089s512.089-229.242 512.089-512.089c0-282.802-229.287-512.089-512.089-512.089zM777.127 473.266l-232.136 232.092c-44.566 44.655-105.561 55.919-136.192 25.288-0.401-0.401-0.623-0.979-1.024-1.425-7.034-3.295-13.891-7.257-19.723-13.045l-140.377-140.377c-26.936-26.98-26.936-70.701 0-97.636 26.98-26.98 70.701-26.98 97.681 0l102.445 102.445 218.335-218.335c44.566-44.611 105.472-55.875 136.192-25.244 30.675 30.675 19.322 91.715-25.199 136.237z"],"attrs":[{"fill":"rgb(255, 255, 255)"}],"isMulticolor":false,"isMulticolor2":false,"grid":0,"tags":["checkmark"]},"attrs":[{"fill":"rgb(255, 255, 255)"}],"properties":{"order":6,"id":1,"name":"checkmark","prevSize":32,"code":59648},"setIdx":1,"setId":0,"iconIdx":0},{"icon":{"paths":["M512 0c-284.939 0-512 227.061-512 512s227.061 512 512 512 512-227.061 512-512c0-284.939-227.061-512-512-512zM779.13 471.93l-231.513 231.513c-44.522 44.522-106.852 57.878-138.017 26.713 0 0 0 0 0 0-8.904-4.452-13.357-8.904-17.809-13.357l-142.47-142.47c-26.713-26.713-26.713-71.235 0-97.948s71.235-26.713 97.948 0l102.4 102.4 218.157-218.157c44.522-44.522 106.852-57.878 138.017-26.713 26.713 35.617 17.809 93.496-26.713 138.017z"],"attrs":[{}],"isMulticolor":false,"isMulticolor2":false,"grid":0,"tags":["checkmark_hover"]},"attrs":[{}],"properties":{"order":5,"id":0,"name":"checkmark_hover","prevSize":32,"code":59649},"setIdx":1,"setId":0,"iconIdx":1}],"height":1024,"metadata":{"name":"icomoon"},"preferences":{"showGlyphs":true,"showCodes":true,"showQuickUse":true,"showQuickUse2":true,"showSVGs":true,"fontPref":{"prefix":"icon-","metadata":{"fontFamily":"icomoon"},"metrics":{"emSize":1024,"baseline":6.25,"whitespace":50},"embed":false},"imagePref":{"prefix":"icon-","png":true,"useClassSelector":true,"color":0,"bgColor":16777215,"name":"icomoon","classSelector":".icon"},"historySize":50,"gridSize":16}}